first_name,last_name,location,AcctNo,Balance,PIN
Idette,Delooze,Spring Mountain,8603817497,18734.63,1411
Conny,Eefting,Paradise,7015654113,19009.71,3733
Lizette,Torrecilla,Desert Inn,9441403050,12953.51,3766
Winnah,Elsdon,Charleston,1585518625,10311.45,4824
Tracie,Dominique,Rainbow,1349758371,15117.53,9634
Leila,Smoote,Durango,5117096314,13167.18,6534
Timmi,Marrill,Charleston,2249686853,4132.14,7051
Orelie,Seagrave,Las Vegas,4927272071,10228.63,2177
Marcelle,Tunn,Rainbow,5580008197,18616.73,1126
Elie,Huggard,Swenson,8040141868,16514.68,2608
Madlen,Aulsford,Rainbow,3210954191,14423.47,4163
Marietta,MacLeese,Blue Diamond,4174297053,13636.35,1368
Nicol,Durrand,Maryland,8017348777,3778.95,1445
Merrick,Creggan,Tropicana,8235759917,15387.35,4956
Denys,Dalwood,Blue Diamond,5471779221,17339.84,9313
Shauna,Hallowes,Tropicana,6962804660,3784.07,3505
Amalea,Tiler,Durango,8371457273,2294.4,2550
Phyllida,Galpin,Desert Inn,4708449444,12508.91,5616
Penrod,Ruthen,Blue Diamond,7824994524,5416.79,5683
Graehme,Bosworth,Durango,9761952341,1815.01,6846
Electra,Freckingham,Las Vegas,1809133524,4090.67,4353
Vonny,Godmar,Maryland,5714523665,1409.78,6608
Sallee,Gaule,Maryland,2797610320,3419.9,8388
Coletta,Lassells,Durango,9281181738,6088.34,3095
Marisa,Boddice,Paradise,2085796202,6119.76,1934
Hi,Mcmanaman,Warm Springs,2909090090,4670.25,7713
Leontyne,Paulon,Paradise,4819571696,4638.37,5351
Duane,Charlon,Warm Springs,6686346282,10955.23,1703
Antonia,Bradlaugh,Fort Apache,6937237026,11259.23,5814
Fin,Salandino,Maryland,9438069871,12471.69,2050
Jennifer,Gosenell,Flamingo,8642446908,11222.68,9725
Mile,Sanbroke,Blue Diamond,8177529885,11147.6,2076
Lindsay,Yeskov,Desert Inn,4907730801,13702.11,3096
Sergeant,Tellenbrok,Swenson,8955543316,13943.11,4638
Sibella,Pinkett,Rainbow,9705675463,19358.21,6889
Rowney,Dennick,Rainbow,5232166752,9447.56,5812
Pearline,Weight,Fort Apache,8828265575,7660.93,4340
Baudoin,Broy,Rainbow,7834866759,2724.62,8459
Filberte,Braams,Charleston,9966978489,15682.08,5527
Cordie,Trusse,Decatur,2127919828,15051.09,6358
Louisa,McKevitt,Warm Springs,4820857621,11594.16,8423
Zena,Waldie,Rainbow,3030700996,4879.2,5601
Chicky,Lowton,Tropicana,1483344347,13983.49,7692
Bernhard,Bullon,Fort Apache,1715327607,11127.67,7335
Tedra,Tonkin,Swenson,8929496720,8608.37,6939
Sonja,Whiles,Warm Springs,4119554812,19459.35,8058
Jordana,Creelman,Las Vegas,5714107533,19139.09,1235
Myrlene,Knewstub,Rainbow,5323452358,7477.94,8750
Malinde,Ellissen,Las Vegas,5600431245,6495.63,2995
Krystle,Reckless,Charleston,9156234610,1194.64,6883
Jacquie,Abbitt,Flamingo,7709630255,12235.72,1713
Jory,Oakley,Warm Springs,4231615792,12289.83,7879
Cybil,Shavel,Maryland,6662901434,3144.47,1493
Curt,Beedie,Desert Inn,2947484001,16001,1801
Mallorie,Radbone,Blue Diamond,1819198939,3535.85,2836
Sarajane,MacAlees,Charleston,6271627800,13855.13,8896
Fayre,Coultous,Warm Springs,5966538595,2417.18,2054
Adham,Michelotti,Swenson,2984468099,16969.33,8761
Whitney,Stormont,Spring Mountain,4971922507,12276.04,6317
Jobi,Bucke,Desert Inn,6444519150,8209.61,7217
Ame,Wiltshire,Blue Diamond,4811161008,8406.91,4186
Madison,Pelzer,Tropicana,6834580480,1441.06,8425
Norton,Bonnaire,Decatur,1599137885,7204.76,7901
Fabian,Mesnard,Durango,5483487503,17861.25,4985
Field,Cash,Durango,3326421283,10856.83,8270
Wilbur,Kos,Maryland,1326718643,17199.55,3266
Thane,Jiggens,Maryland,3816165534,19888.41,5259
Karlotte,Ramard,Paradise,4890754769,3278.94,1214
Glynda,Balstone,Flamingo,5829804739,3832.92,8076
Chrotoem,O' Mullan,Paradise,5125998277,13689.3,7875
Chase,Geipel,Spring Mountain,1263303676,10749.75,7263
Engracia,Cowing,Maryland,8117518150,2681.64,7082
Melinde,Adamowitz,Flamingo,6311947617,1698.17,1845
Amelina,Marishenko,Durango,6201994947,4589.43,2668
Saunders,Ebbett,Warm Springs,3795954077,11827.56,3636
Hillier,Stratford,Durango,4082568549,10715.11,3394
Muhammad,Pettisall,Blue Diamond,1494055710,6707.49,2909
Jareb,Hallybone,Paradise,4975959516,3611.86,7863
Seymour,Hansen,Paradise,2322918171,12047.7,5113
Rodolphe,Daulton,Rainbow,2501127773,12080.69,5467
Worth,Tizzard,Paradise,8050864757,7589.15,1722
Aridatha,Salla,Fort Apache,2091129906,12556.05,6252
Baxy,Fairbard,Las Vegas,3089893590,19022.75,4549
Nixie,Scyone,Rainbow,2873959310,8837.71,8341
Elfrida,Shooter,Fort Apache,3966869450,9633.61,7332
Lucilia,Kerss,Charleston,5969968864,4596.78,5157
Vladimir,Cicco,Rainbow,1483238540,1882.17,5252
Leonardo,Jendricke,Desert Inn,2667144156,2802.78,6925
Zebulon,Lochran,Las Vegas,6456969353,13705.57,7967
Kristien,Canny,Charleston,5460933642,6269.29,1457
Arlena,Corbyn,Desert Inn,9115251730,2771.14,2730
Nellie,Follett,Charleston,9987127359,1950.21,7289
Minette,Iltchev,Flamingo,1575482127,9659.82,7850
Justine,Stancliffe,Durango,2520692784,9626.62,3588
Falito,Mursell,Decatur,6793452471,1119.58,1658
Flem,Levington,Charleston,3680449874,19960.23,2477
Trish,Poley,Spring Mountain,2550603293,5933.38,1525
Renaldo,Crimes,Spring Mountain,4865492433,14962.08,8675
Cassi,Edworthye,Tropicana,5960378059,1807.68,4082
Katha,Beck,Paradise,1578953991,11103.23,9691
Jerrold,Vuitte,Tropicana,2210631836,17602.17,5753
Shermie,Scogin,Durango,8917414057,11254.49,3100
Lyndsay,Jeanenet,Charleston,1290651841,4335.09,1470
Kerianne,Pelos,Rainbow,2700271649,8990.85,1426
Kally,Kibble,Warm Springs,4503221888,8674.54,7110
Corina,Tures,Swenson,6879684958,4605.68,7127
Yorgo,Allsep,Flamingo,4532891954,7862.83,3559
Eva,Conachy,Desert Inn,1843826514,7277.26,4732
Evvie,Fynes,Decatur,6753694910,11403.5,3203
Hodge,Tefft,Fort Apache,5472962986,19991.48,2655
Marena,Franceschino,Rainbow,3772117906,10247.93,4769
Kalila,Abrahamson,Desert Inn,8955792831,16132.85,6699
Idette,MacCaig,Maryland,9308887124,13488.3,8665
Cob,Hanshaw,Charleston,2728873675,4681.77,1449
Porty,Caldwell,Blue Diamond,4710824698,15229.03,2655
Annelise,Cubuzzi,Flamingo,4146580974,15822.52,9331
Barnebas,Durtnel,Spring Mountain,5300732035,15530.35,6736
Derron,Roset,Decatur,6595473004,13514.73,9202
Madella,Rotte,Swenson,9170607860,3160.71,9001
Helene,Vautrey,Warm Springs,9624417709,16822.77,1474
Yule,Lefever,Durango,5023959564,6183.06,9487
Aurelia,Reichardt,Swenson,5267416123,13418.41,9648
Christan,Hillitt,Spring Mountain,7137678217,1787.98,5517
Rycca,Flobert,Desert Inn,1373876020,8538.3,3434
Brianna,Prestland,Fort Apache,2165576928,2060.35,1134
Celinda,Heffron,Fort Apache,6270047380,12349.61,8494
Hillier,Erat,Desert Inn,4598908252,4224.56,3285
Barbie,Aldie,Rainbow,9471460629,10953.74,4627
Kit,MacGovern,Rainbow,2921828788,14494.86,7990
Jillian,Stammer,Paradise,2523316295,18467.06,3066
Cheryl,Kenrat,Flamingo,5215175208,7886.99,9791
Sherm,Kumaar,Flamingo,9223566601,16960.62,6374
Eirena,Deering,Charleston,5579476486,6452.19,9095
Traver,Paske,Paradise,5791147358,4288.33,9464
Ezequiel,McClelland,Spring Mountain,5668724301,8952.76,9597
Judd,Gero,Swenson,1247301177,4355.28,8665
Ros,Alben,Maryland,5391406418,8276.33,6859
Hew,Andrag,Tropicana,7188872175,3651.88,2997
Franciska,Kinavan,Swenson,5578697824,16444.73,5850
Daryl,Littlemore,Warm Springs,6359038715,2175.81,3234
Abba,Dinnies,Swenson,6362008836,1121,9726
Delbert,Lovelady,Las Vegas,4891876240,16120.5,3347
Siouxie,Duffill,Warm Springs,2202366289,6188.84,6015
Harley,Jacox,Rainbow,1025373360,16255.53,2084
Merna,Luckin,Warm Springs,7320152339,3609.56,1796
Neil,Clappison,Spring Mountain,5777252577,2438.68,4792
Mendel,MacKaig,Warm Springs,8453000719,15186.77,6969
Reinhold,Fairnington,Las Vegas,6101010745,10274.94,1100
Quincey,Pinkett,Decatur,3061062916,5294.88,7013
Lucian,Chason,Maryland,2116709487,5596.54,5396
Parnell,Birts,Paradise,5413900516,2655.07,6103
Honey,Shatford,Swenson,8155454262,5946.26,9222
Olympe,Sloyan,Blue Diamond,7332038154,6227.21,2861
Bendix,Rockingham,Maryland,4199709882,16254.2,7706
Dimitry,Fosher,Warm Springs,9209366690,15520.84,4135
Drusy,Lorente,Durango,8316379162,10936.08,9920
Birch,Le Marchant,Las Vegas,8612045131,16627.14,3643
Erma,Torrisi,Warm Springs,2946565478,6114.24,6266
Lonna,Popelay,Maryland,5431823142,14571.1,6448
Wake,Laidlow,Charleston,2998307456,9392.55,6401
Myriam,Arrington,Decatur,7492715556,11724.26,2130
Merrilee,Gundry,Rainbow,6732068191,16585.28,8714
Mikaela,Berrecloth,Swenson,5924837057,10482.7,7515
Devora,O'Hearn,Decatur,5157898224,18162.83,3953
Gisele,Asquez,Warm Springs,8612974016,18105.51,9312
Auria,Bloxland,Paradise,9853820330,5071.09,5972
Frederigo,Petford,Charleston,4045613300,9625.76,6415
Sukey,Joseff,Fort Apache,2776395093,18610.54,9597
Nicolais,Gamblin,Desert Inn,5343842342,12652.1,8012
Robbie,Peggrem,Las Vegas,3539056325,16241.52,5047
Jethro,Dripps,Charleston,9692141387,10960.6,8864
Hollie,Bernot,Swenson,4193477719,6220.49,6786
Nikolia,Cowx,Flamingo,7488009400,19886.1,5832
Anallise,Valenta,Las Vegas,2395733056,18368.12,2661
Garrek,Abela,Las Vegas,8132933032,7527.96,7991
Brina,Muat,Paradise,3856240206,9141.14,5248
Cicely,Stiggers,Warm Springs,3902146991,19821.32,6564
Zach,Cowthard,Paradise,4591146909,10405.94,4574
Deny,Laraway,Durango,8287271123,15342.65,7159
Fayth,Cumberpatch,Rainbow,8626187576,8511.73,6626
Britteny,Dewett,Charleston,1165220479,16439.07,7781
Jeralee,Ogdahl,Charleston,2776942261,11747.77,7291
Brianne,Bach,Warm Springs,1307128643,8714.27,6298
Aldridge,Heyns,Rainbow,7723735462,1934.37,7470
Avivah,Dullard,Paradise,6688846923,14828.14,4181
Melamie,Ateridge,Paradise,9929476133,2773.23,7941
Courtnay,O'Hederscoll,Flamingo,7207987767,15630.25,9818
Correy,Middiff,Durango,2658000953,19601.44,2652
Leo,Engeham,Decatur,5249802023,12353.01,2222
Osborn,Edgin,Desert Inn,1497255634,15298.27,3473
Eryn,Barrable,Decatur,9182836231,16421.87,8756
Em,Kubczak,Flamingo,1303163212,14343.72,6753
Wanids,Dixey,Decatur,8871535278,3906.01,1353
Brandy,Dossantos,Charleston,8786858919,1853.98,4535
Alfy,Waples,Spring Mountain,3711683324,7131.24,9386
Will,Moloney,Rainbow,7423862074,5644.65,1720
Chicky,Joint,Paradise,4968572017,4977.79,3613
Sharline,Whelband,Desert Inn,5089473444,17873.67,2688
Bennie,Loudyan,Decatur,5508659844,7236.35,2273
Emilia,Marien,Flamingo,4495731694,15797.52,4464
Veda,McBeth,Las Vegas,1780766835,15556.78,8334
Rollie,Saill,Fort Apache,7584458897,16262.91,8358
Marji,Mattioli,Decatur,3525056629,18314.76,5636
Jody,Wringe,Tropicana,9202430287,9304.5,1862
Alysia,Rollo,Rainbow,2854386707,1725.77,6430
Rinaldo,Millimoe,Rainbow,3886092199,7522.34,7421
Kennedy,Opdenort,Desert Inn,7710647719,14702.02,2484
Annice,Ponton,Desert Inn,5819311337,2298.42,6149
Salmon,Blencowe,Swenson,1499721974,4023.84,6579
Cornelia,Skace,Durango,3628886794,15048.55,2306
Alys,De Dantesie,Rainbow,8125133667,6504.55,1535
Lillian,Kindread,Flamingo,9945622717,7545.36,8764
Sarita,Patershall,Tropicana,9577479055,17025.53,3461
Lou,Ibbitt,Desert Inn,7696213285,9875.98,8283
Omero,Fairman,Spring Mountain,6568808567,10878.99,8299
Vivienne,Tebbut,Desert Inn,7709003219,16420.22,2488
Shina,Piken,Flamingo,1577975923,13491.58,6788
Anton,Gartery,Tropicana,8368045455,17555.13,6207
Symon,Strood,Durango,2796195603,3414.76,6295
Courtney,Matiewe,Desert Inn,3620561978,3209.44,6104
Laurent,Stainfield,Paradise,6170672001,3785.99,4491
Esdras,Barnwill,Swenson,7884830491,14728.86,6332
Raf,Whilde,Swenson,7822051226,3714.59,2608
Clarine,Wandtke,Las Vegas,9691699303,7207.99,9321
Quintus,Dewerson,Las Vegas,2412751744,12425.19,1154
Vikky,Antonioni,Warm Springs,8032464053,5218.63,9178
Donn,Mellish,Spring Mountain,2781416994,13445.44,3264
Dorothee,Tipper,Durango,9553600534,19731.79,5205
Neysa,Twomey,Las Vegas,9258403767,10683.65,5877
Salomo,Grossman,Fort Apache,1006558696,11821.49,9430
Brandise,Canon,Rainbow,2310729921,7517.16,3512
Gleda,Dametti,Flamingo,3520717639,11643.18,5133
Barb,Wyldes,Flamingo,7771339194,4867.61,3900
Abbe,Cripwell,Maryland,9778978382,19052.42,4142
Malcolm,Seymour,Blue Diamond,1742264881,11130.41,4211
Kirsten,Menchenton,Warm Springs,8319431302,7924.98,8078
Zed,Wayte,Swenson,2069757774,8236.93,9684
Selle,Philpault,Decatur,9088372109,13914.61,1604
Tamqrah,Whapples,Warm Springs,9318626020,2479.07,6576
Teodor,Deschelle,Durango,9374840792,6530.14,9509
Elliott,Randal,Swenson,1908735912,6142.73,6144
Lek,Stowell,Desert Inn,1137911597,7005.89,6781
Jeffrey,Crufts,Blue Diamond,2811352032,5125.6,2917
Darrel,Adnam,Blue Diamond,7933232509,1665.82,3560
Celestyna,Hunte,Desert Inn,2591009548,7811.64,9947
Adelaide,Ledgard,Rainbow,6550374224,10835.94,7023
Jasper,Jeandeau,Fort Apache,5806528459,3975.74,1093
Anna-maria,Carpe,Flamingo,9708330390,16469.07,4349
Ariela,Castagnet,Paradise,2513549970,2334.54,8859
Mary,Creek,Flamingo,8656821483,9505.8,8905
Chas,Deighton,Swenson,5558835379,4605.65,5575
Kinna,Elijah,Blue Diamond,2773507286,14450.29,8605
Bibbie,Fearby,Maryland,6348572372,14308.1,6378
Urbain,Abrahmovici,Paradise,5307436285,13640.98,4112
Berrie,Waud,Blue Diamond,9962269586,4158.23,8278
Cyndi,Gerwood,Fort Apache,9991131115,15912.07,9296
Kippy,Burnard,Durango,5361220783,6746.45,8949
Kris,St. Clair,Desert Inn,4548117273,10872.83,2642
Juan,Buscher,Flamingo,9913414870,13617.67,2410
Lynett,McMillan,Blue Diamond,5664358500,7592.01,6192
Hubert,Reeson,Maryland,6142818395,10952.35,2642
Charmian,Pietrowicz,Warm Springs,2017982843,14605.11,9579
Pavlov,Bickerstasse,Las Vegas,9976709614,16713.27,4133
Renie,Marnes,Desert Inn,3081022694,10268.62,4383
Burnard,Gyurkovics,Durango,2355134997,6265.54,4018
Jo,Jowers,Charleston,9428478435,1626.8,5769
Jamison,Degnen,Warm Springs,4004260105,1703.28,4978
Constantina,Petts,Rainbow,3403415348,17468.14,5727
August,Fiddyment,Decatur,4971459972,11047.09,6158
Dita,Portis,Flamingo,4399421361,18455.52,6438
Malvina,Joel,Maryland,3852100589,8544.07,5723
Pate,Bradnocke,Rainbow,1341304569,12310.35,6819
Roderick,Aujean,Flamingo,4676896518,4525.54,1418
Hieronymus,Lansdown,Flamingo,6144614671,9408.49,7722
Ernesta,Kalb,Decatur,3963343045,14888.9,9263
Harris,Marriott,Swenson,3258626430,17163.2,5017
Myca,Sedgwick,Swenson,9514581339,14061.9,9454
Mellie,Rowlinson,Flamingo,8085309911,15983.53,6651
Maggie,Dwelly,Durango,5771145342,17215.49,6175
Meredith,Zorzini,Fort Apache,4527189348,5427.21,7264
Lannie,Bloxholm,Fort Apache,9563628539,12328.27,9977
Lucio,Windress,Fort Apache,4902680672,9733.79,4467
Nolana,Wreath,Paradise,7662903318,7940.52,4735
Emyle,Boustred,Swenson,4456856547,2977.44,6519
Abby,Myrie,Las Vegas,3111815549,13491.57,6616
Levi,Rome,Swenson,2055374359,13037.48,7444
Stephani,Thomke,Charleston,4343368230,14597.44,6167
Corabelle,Fairfoul,Blue Diamond,4154386352,18606.45,9514
Andria,Springtorp,Warm Springs,3941956672,17387.2,7108
Jacquette,Kmicicki,Warm Springs,3083846686,2535.45,5602
Odetta,Wapple,Durango,8060634336,11680.1,1781
Isidora,Gordon-Giles,Blue Diamond,1259501292,17354.4,2445
Nollie,Heibl,Tropicana,6942153350,13007.51,2947
Trudy,Chaff,Blue Diamond,9707104698,16661.82,7422
Robert,Weedall,Blue Diamond,8607642686,8269.76,9893
Hersh,Duffy,Spring Mountain,8538441456,6778.65,9431
Roana,McCrackan,Blue Diamond,4004335719,17932.56,2646
Tracey,Cotterell,Desert Inn,8144782949,4203.94,4152
Ardith,Readwood,Charleston,7184266880,7772.8,5086
Nels,Pegg,Paradise,1895810158,8730.2,4143
Beulah,Maylor,Swenson,5753916971,5508.42,5393
Brewster,Hitzmann,Paradise,3451991367,8549.99,8211
Brewster,Raison,Swenson,6927541219,15340.21,5036
Nicol,Alps,Durango,3919245775,5720.89,2721
Darbie,Mabon,Blue Diamond,4349825693,8744.97,3335
Julianna,Maymond,Charleston,5747750107,8818.63,9161
Frank,Melmore,Rainbow,5756870567,8399.16,8786
Onofredo,Vannuccinii,Charleston,2413387980,2595.22,1839
Fifine,Blees,Flamingo,9659526009,3959.25,5323
Aurel,Rumsby,Tropicana,5874038667,15062.4,3587
Angelita,Scullard,Fort Apache,9468007276,1967.54,4086
Heriberto,Whitecross,Desert Inn,2902213237,14579.82,7326
Rob,Igounet,Swenson,5078873305,2989.13,4660
Jerrilyn,Corrao,Warm Springs,7394131702,9176.73,5525
Veronike,Newland,Swenson,7111976025,15193.62,6410
Bernardo,Bartaletti,Paradise,5532714900,2988.84,4038
Ransell,Lorne,Tropicana,9170277232,18266.17,3675
Rosalinda,Horsewood,Warm Springs,9606227731,15745.29,7390
Elston,Swindells,Warm Springs,8426846576,19907.71,6941
Estell,Arnau,Durango,4845161190,13213.82,2412
Jessa,Brearty,Tropicana,5387464739,16675.5,3158
Edi,Cortese,Rainbow,1017169262,7545.75,8556
Gael,Betje,Tropicana,3739392615,4077.95,9925
Alecia,Startin,Desert Inn,8446148380,11878.57,2212
Yolande,Larwood,Decatur,4297392211,7819.62,7435
Zonda,Jeannard,Las Vegas,1147727112,6242.06,9904
Gwendolyn,Cundey,Desert Inn,6062605844,19729,3902
Tibold,Boulds,Paradise,1875580520,15326.95,5087
Reynold,Meuse,Las Vegas,3162375475,5564.53,6070
Nye,MacAlpyne,Desert Inn,4244563382,17723.64,1151
Cody,Christley,Blue Diamond,8109089511,4505.7,9446
Helena,Robel,Paradise,9949500567,12023.29,1873
Barney,Brinkman,Paradise,3883063035,8305.49,9337
Hillie,Jeafferson,Las Vegas,7828807447,2770.01,3481
Donaugh,Abrams,Spring Mountain,6128309663,19176.16,7011
Jewel,McLafferty,Spring Mountain,9361831455,2769.47,8282
Clayson,Sawle,Las Vegas,1558887326,18686.74,9067
Demetris,Claffey,Desert Inn,1102147486,16386.82,4510
Finlay,Bettison,Las Vegas,5552063033,18126.42,8704
Jade,Shepherdson,Flamingo,6364169568,3654.53,9179
Karine,Casswell,Tropicana,1057453754,14398.87,3362
Brock,Weightman,Rainbow,9262670088,13095.4,5922
Mallory,Blum,Flamingo,5928414265,14367.93,2033
Egor,Tidgewell,Durango,5049273815,19507.68,8488
Jud,Medina,Desert Inn,9404575677,15792.56,3129
Belita,Pipping,Decatur,8119396514,13223.8,5471
Eydie,Gilkison,Spring Mountain,7772979685,12723.44,2708
Ajay,Younghusband,Tropicana,8594944119,13010.34,8574
Michele,Posnette,Rainbow,7514831159,6935.96,6398
Cece,Biggen,Las Vegas,6552667452,16819.4,1936
Mireille,Nealey,Spring Mountain,8231448423,2069.13,8640
Tallulah,Ridoutt,Flamingo,6720377407,10828.81,8535
Gabe,Troke,Spring Mountain,8994222402,11329.11,5539
Imogen,Sarney,Tropicana,2202103865,13576.17,2988
Sallee,Scheffel,Warm Springs,7676084497,19901.29,8631
Aubrey,Conner,Decatur,3801248452,2760.32,9822
Hanny,Tesche,Durango,9257983543,2780.99,7946
Bibi,Oliffe,Las Vegas,3426847331,14418.53,9997
Sergeant,Mumbeson,Spring Mountain,8703796598,2505.58,1384
Sheff,Leopard,Fort Apache,2954847695,1598.49,2337
Chloris,Romeril,Las Vegas,2465188294,6047.76,3998
Nadia,Bonnyson,Rainbow,3987766353,19197.76,8735
Cathyleen,Sweetman,Warm Springs,8105002128,10337.29,9526
Billye,McLean,Paradise,6575847309,18039.27,6051
Howard,Vertey,Charleston,6135364132,10561.63,3354
Vanny,Verna,Swenson,3669822060,5929.67,4466
Garrik,Calderonello,Maryland,5872357453,19026.45,7711
Muhammad,Spinello,Warm Springs,2998240605,2067.89,1462
Steffen,Biddleston,Swenson,1441107655,19204.39,2717
Franklin,Canto,Decatur,5972626490,15010.89,4748
Aluino,Rofe,Maryland,7128665318,3190.92,3462
Chase,Shellibeer,Fort Apache,7890952039,17408.62,6927
Jamaal,Binton,Durango,8672124707,18349.42,5294
Tiffie,Lygo,Desert Inn,9119085640,17957.79,1254
Clyde,Llewellin,Paradise,8606522190,1330.12,4565
Gibbie,Lamprey,Maryland,5224936145,5178.98,2611
Alard,Natt,Tropicana,1130531323,13925.83,6355
Marge,Packwood,Flamingo,2315551848,16770.64,9722
Trish,Mc Meekin,Desert Inn,7883740168,13929.14,4632
Joey,Mirams,Flamingo,6581161498,2207.05,7923
Clio,Speare,Maryland,1275587932,8035.93,6334
Valli,Manntschke,Spring Mountain,5012890148,16179.34,5696
Janaye,Ginni,Durango,6713867671,1105.15,3092
Orelee,Palk,Decatur,5556298468,10788.89,3547
Lawrence,Breslane,Maryland,7406447205,2455.04,8401
Felic,Pablos,Rainbow,3382945124,17956.05,7904
Banky,Mapis,Flamingo,9066425839,12051.79,9129
Adrea,Belham,Warm Springs,3447112908,4975.28,5297
Sawyer,Extance,Charleston,3100128160,1903.65,6598
Mahalia,Nettle,Paradise,4663115587,2618.95,4785
Mandie,Quinion,Charleston,3804148506,19575.94,9811
Angele,Baglan,Warm Springs,5262244885,6654.61,6034
Kinnie,Abazi,Flamingo,9128673513,18135.85,1803
Marjy,Mayou,Warm Springs,4527050189,1677.95,2109
Yule,Kerrich,Durango,5948491627,15116.95,9158
Friedrick,Hanster,Paradise,3137684357,6721.43,1739
Lory,Gotling,Maryland,3263390570,13190.03,5620
Meredith,Delouch,Las Vegas,3636066168,9754.02,2605
Roslyn,Topling,Tropicana,3155121518,13922.39,9761
Kayne,Breddy,Blue Diamond,3529679919,8743.84,8153
Adolpho,Danilyuk,Rainbow,4987620391,19898.18,7928
Consuelo,Tullot,Spring Mountain,8254687761,11792.15,6803
Torry,Sunners,Tropicana,1466305663,10323.55,5976
Deana,Grafton,Flamingo,8891220316,2262.18,8159
Winny,Feeham,Rainbow,4723768184,7479.39,9398
Pippa,Swigger,Rainbow,8903628840,8249.88,1941
Zenia,Garthland,Desert Inn,8391734536,2458.41,5889
Ivy,Boar,Flamingo,7850915814,19621.69,7566
Kizzie,Herculson,Swenson,3729515928,17829.8,4601
Waylon,Scullin,Desert Inn,1611925238,9355.82,3406
Gabey,Gilbank,Fort Apache,5426306063,10862.5,1244
Neils,Atwater,Rainbow,4867568638,18792.43,5613
Stanley,Priddy,Rainbow,8117122273,19463.56,8875
Oliviero,Claughton,Paradise,2511411359,2144.55,3280
Regan,Brehault,Paradise,1546732575,6581.24,1037
Cherida,Gilbert,Paradise,4170828562,1801.52,2571
Ringo,Britto,Flamingo,9958565267,11701.19,3953
Engracia,Dumke,Fort Apache,6297480608,12145.3,5341
Joella,Nellis,Tropicana,9400413433,6964.69,7336
Raeann,Chretien,Paradise,8988613325,18232.56,1725
Doralin,Dooler,Charleston,2689330839,5471.29,3069
Brodie,Armfield,Tropicana,7737872513,19530.24,9988
Darci,Carah,Tropicana,7794780054,9223.52,4303
Sonny,Corneille,Paradise,4206265903,9494.66,7602
Tedie,D'Abbot-Doyle,Durango,9644217881,19118.65,4800
Caresse,Sprowson,Spring Mountain,2121987037,6996.36,1422
Arlina,Menego,Decatur,8908251174,17026,8710
Josefa,Commin,Las Vegas,8729495750,3310.81,7912
Madison,Gierth,Las Vegas,5837767620,12761.11,7530
Elsinore,Leng,Las Vegas,9512320702,9522.63,2175
Emogene,Brisse,Blue Diamond,1512717426,13911.08,8547
Cully,Toomer,Spring Mountain,6336392098,10645.42,4754
Myranda,Dansken,Swenson,9214502112,8307.5,2377
Zoe,Scambler,Flamingo,1772009679,1832.13,5335
Tripp,Nissle,Tropicana,2024795684,4932.89,2317
Ignazio,Drew,Las Vegas,5174306970,11659.57,8578
Vivyan,Redgate,Swenson,2863111045,13516.67,1811
Janessa,Huddles,Swenson,6855957647,15758.83,8963
Pier,Gibbard,Maryland,7722811460,14505,3255
Horten,Brezlaw,Paradise,7846642475,18842.43,9938
Osborne,Thal,Swenson,8379389818,8500.3,6506
Kayley,Ziemens,Warm Springs,1312542477,4470.32,6398
Cyndy,Brabant,Swenson,2612189955,5369.97,3278
Casper,Fearick,Las Vegas,5421340654,5934.21,1322
Giselle,Scamadin,Decatur,1776425345,11507.15,7262
Pattie,Challenor,Fort Apache,8753501522,14183.88,1695
Calvin,MacCaffery,Tropicana,8072150304,15656.66,5919
Jud,Hall-Gough,Rainbow,8483077969,8205.5,5952
Huberto,Poynter,Flamingo,7142876350,19056.86,7889
Gare,Tinkler,Desert Inn,9680947029,5091.46,2252
Dene,Housen,Swenson,6935065627,9027.72,5899
Hanna,Maciejewski,Paradise,2300004012,9161.04,2460
Frants,Searby,Tropicana,5794465287,16128.43,5661
Ricard,Adams,Fort Apache,4780376307,12571.67,4449
Prentice,Behr,Blue Diamond,5599920602,11680.57,8249
Amy,Gocher,Spring Mountain,5475880481,5847.19,3912
Eliot,Brettell,Fort Apache,4198781569,5658.76,8625
Carline,Broxis,Maryland,5726470860,9386.05,5881
Nerita,Fronks,Las Vegas,4170223482,5631.51,2643
Freddi,Manoch,Rainbow,6085318420,15780.3,8784
Vonni,Landy,Decatur,9860140147,16408.85,4767
Justino,Januszewicz,Charleston,8042545789,12931.75,1760
Benson,Mansbridge,Charleston,7539160160,16825.8,9560
Austin,Luckey,Rainbow,3810332325,7587.31,2441
Stephie,De Cruce,Flamingo,3159088378,19846.86,8233
Thelma,Lordon,Flamingo,3645664245,6694.41,3705
Dede,Blazynski,Charleston,2021100681,3934.79,8309
Lion,Crame,Durango,9877602459,1046.08,2250
Amie,Mamwell,Decatur,5751677431,8352.04,5383
Barri,Peres,Tropicana,6208630947,9237.91,4390
Sibley,Spaunton,Charleston,9364300219,17437.49,9185
Hunfredo,Eagell,Desert Inn,6132389313,1709.47,5134
Freddie,Benion,Decatur,1322809153,19567.19,1738
Rozalie,Cisec,Warm Springs,6822202791,14648.19,8154
Phaidra,Skehan,Desert Inn,1889728183,14223.03,7674
Shellysheldon,Wrotham,Paradise,7172148633,4656.9,2713
Faustina,Wylie,Charleston,2622591556,19646.96,1532
Terence,Magenny,Paradise,5024212432,7193.63,7253
Margit,Pankettman,Swenson,1630825137,9035.56,9771
Tobi,Auden,Flamingo,6975203122,11601.27,4714
Fernandina,Cowderay,Paradise,1314242772,5402.07,4924
Scotti,Slinn,Paradise,1092986250,14930.52,5056
Cornelia,McCrae,Blue Diamond,9696991425,8962.47,9752
Normy,Kiezler,Desert Inn,4361348724,10057.56,2151
Chantal,Raggatt,Warm Springs,2890189720,5473.3,6167
Leone,Billborough,Tropicana,6262909289,6759.05,6653
Layne,Egleton,Desert Inn,2939541048,13582.15,3253
Adeline,Simmell,Desert Inn,9434604483,16559.22,4737
Orran,Misken,Charleston,3923234937,4545.29,6397
Carling,Esplin,Spring Mountain,6541314189,8897.09,7694
Pedro,Roderham,Blue Diamond,8065537318,15686.13,1408
Ezri,Leyre,Durango,6745744700,16321.82,5911
Lyndsie,Ghiotto,Spring Mountain,1242417535,7701.69,8986
Yvonne,Orth,Decatur,8662639815,8857.62,4627
Johnette,Mac Giany,Tropicana,2902211127,10854.12,5556
Peri,Barwood,Paradise,2455419283,9027.47,7923
Gavrielle,Cudmore,Spring Mountain,6146282547,4367.78,5667
Martelle,Taggart,Maryland,3034548522,7814.91,6186
Brittni,Candy,Spring Mountain,6745226833,1849.83,5705
Nevsa,Kelk,Fort Apache,5130814659,12651.97,3710
Arty,Simonaitis,Spring Mountain,5568561475,16808.48,8188
Elsworth,Bailes,Charleston,9633356237,5650.72,6716
Verney,Tinghill,Decatur,4838841219,10294.19,1858
Gertrude,Edser,Blue Diamond,1284869576,5287.68,7768
Doyle,Riteley,Swenson,7766832163,7288.23,9903
Gretal,Pezey,Decatur,3014472564,6829.72,9417
Hastie,Calafate,Spring Mountain,4297891933,3559.31,7944
Hyacinthe,Oxenbury,Swenson,8705627011,19192.49,6149
Cirillo,Gregersen,Las Vegas,2811739085,6765.23,1889
Chloris,Iiannoni,Flamingo,2231225538,2901.16,8557
Antone,Blennerhassett,Tropicana,3018052558,3916.33,8840
Taite,Heintz,Durango,4818535868,1502.85,5692
Thaddus,Goodisson,Blue Diamond,9478270481,4340.62,6776
Guilbert,Collimore,Swenson,5928674764,10654.81,4515
Clementius,Tolcharde,Paradise,5441048172,14144.21,9073
Orv,Charlewood,Rainbow,1092953966,3935.15,4707
Rheba,Trimnell,Blue Diamond,4243078720,6995.45,7911
Kiah,Kira,Flamingo,5361408788,14825.8,2871
Rodolphe,Kondratenya,Blue Diamond,7988989510,9755.36,2686
Minette,Chieze,Fort Apache,2266175235,17204.28,8309
Raddie,Placstone,Tropicana,1983261962,2080.51,1411
Beatriz,Deftie,Maryland,5375609369,10185.48,7710
Berte,McCudden,Paradise,7557402325,17225.54,9531
Hewitt,Sadd,Durango,7322661964,9957.35,2029
Berrie,Holdforth,Swenson,5501705510,13045.93,6084
Franklyn,Paulino,Desert Inn,1530151425,1561,5437
Salome,Dainter,Spring Mountain,8586738811,9513.98,7864
Gwyneth,Greener,Flamingo,3537465777,14289.19,3905
Mireielle,Huxley,Tropicana,7566668416,6365.7,7767
Wolf,Spaduzza,Las Vegas,3178101880,14683.09,3298
Corliss,Vallentine,Spring Mountain,2357580278,10483.34,4472
Eddy,Pavinese,Tropicana,8401769439,6491.41,2540
Adele,Van de Vlies,Las Vegas,2094756446,16414.56,6369
Eachelle,Baud,Blue Diamond,2572874150,11224.07,2363
Darda,Neising,Swenson,4943421346,3616.93,8581
Valaree,Jeary,Paradise,6208469060,17967.96,9130
Barry,Keates,Flamingo,8378415285,4932.54,6020
Tandi,Glover,Flamingo,6018275912,4201.48,9472
Maudie,Ivchenko,Maryland,3797087248,2019.94,6527
Lulita,Jovicic,Tropicana,9580222705,14039.6,9707
Jeffy,Damant,Durango,3109430965,12247.26,9300
Aldus,Brickham,Spring Mountain,4299836263,6768.52,5792
Norine,Gawthrop,Desert Inn,2373224319,17085.42,4277
Renata,Maine,Paradise,4386483113,11796.05,9387
Jorgan,Shetliff,Paradise,8193615190,3049.55,8012
Caprice,Margach,Paradise,3526667929,12548.85,3757
Krishnah,Nelmes,Flamingo,9737551229,7203.4,8791
Myrle,Hyndley,Spring Mountain,4575681256,17380.28,1548
Sonny,Bayless,Blue Diamond,2497277138,1638.46,4154
Gallagher,Whardley,Charleston,9546404087,11871.29,9036
Llywellyn,Plaxton,Rainbow,8959638850,9560.48,6557
Cassi,Secombe,Swenson,1590123844,5864.05,5476
Calv,Steptow,Durango,6996896333,12947.51,8226
Lay,Durran,Swenson,7458969076,12352.54,7170
Sadella,Speere,Rainbow,9439582555,17582.71,3463
Francene,Jaggli,Desert Inn,7719276409,19780.75,8097
Shauna,Muglestone,Warm Springs,5663307959,3099.77,7634
Louisette,Paddle,Desert Inn,3665157519,17372.27,8486
Bette-ann,Cornier,Swenson,7548529784,13213.45,4383
Niels,Darque,Fort Apache,1968681866,13902.28,4671
Warde,Godfrey,Las Vegas,4826660880,6633.49,4831
Tabbie,Paddingdon,Paradise,3275931307,13844.43,9490
Noland,Waterworth,Warm Springs,4432820958,14631.98,7450
Orson,Rahlof,Las Vegas,9532752913,11082.32,1027
Shalna,Seefus,Swenson,7918519977,10497.39,1656
Yettie,Alten,Flamingo,9274564287,4244.11,1111
Bryanty,Giorgielli,Durango,4687953593,5699.29,5417
Gallagher,Oselton,Durango,1394762583,11009.94,9155
Mata,Allbrook,Decatur,7993629927,16468.74,4796
Brandie,Bonallack,Las Vegas,1365423464,5915.53,7015
Ainslie,Perel,Charleston,7669085154,18780.12,7606
Savina,Korn,Swenson,2205968409,2690.46,1341
Daile,Pursehouse,Swenson,3387332864,11843.71,5852
Henrieta,Cutts,Desert Inn,4310558698,10710.9,4234
Mac,Cobbled,Durango,1404997427,5393.14,7314
Jerrold,Corwood,Maryland,6772257344,5371.77,6679
Donall,Hayworth,Paradise,7878630458,6352.55,3958
Guido,Savatier,Desert Inn,9672398256,9229.72,9109
Jeannette,MacGinley,Decatur,2051650772,15762.26,4135
Rayner,Rangeley,Warm Springs,9263802163,18274.37,7267
Kimberli,Francke,Charleston,2204606777,9095.94,4341
Andie,Langsbury,Maryland,1256272979,6425.69,3930
Miof mela,Greenhaugh,Tropicana,9265719389,9250.76,9824
Lyn,Purvis,Durango,3902988774,8348.08,9060
Aaren,Ruddiforth,Blue Diamond,3355580821,12074.24,8763
Goran,Spataro,Paradise,3330759155,19812.46,8233
Markos,Prangley,Maryland,7738844945,18818.89,9148
Flori,Killelay,Charleston,7180265372,10669.38,7153
Jacques,Brierley,Paradise,9818843841,18765.23,5027
Merv,Baldock,Rainbow,2064108630,1663.46,4247
Teddy,Simeoni,Fort Apache,7217502521,9281.37,8227
Edythe,Brownsell,Durango,9297158426,1478.3,5284
Steffane,Meaker,Flamingo,5510131936,14457.91,6675
Wolf,De la croix,Blue Diamond,3448155506,7634.89,4029
Katharyn,McIlwraith,Fort Apache,4554203606,10840.96,4624
Godfry,Silbert,Tropicana,5615919803,9534.45,6774
Merola,Trytsman,Las Vegas,2804320942,16732.47,7811
Thaddus,Howerd,Swenson,1827070872,6829.08,4655
Irita,Landells,Spring Mountain,3925794781,6416.22,6433
Joey,Wheble,Rainbow,9424097470,17809.52,7147
Karney,Troubridge,Tropicana,4049065103,16181.49,7728
Paula,Matasov,Las Vegas,9926439556,16122.17,9760
Patricia,Armitage,Spring Mountain,7718592847,3576.48,2603
Julina,Bottelstone,Durango,8583298130,14823.05,4284
Stephenie,Shipway,Las Vegas,7359664285,14895.13,5469
Winston,Wolsey,Fort Apache,2510316178,7660.39,8749
Nelia,Dumbreck,Las Vegas,6141534352,8163.03,4174
Tierney,Astley,Maryland,7296426230,4256.22,7115
Jonas,Tredger,Decatur,4472514413,1887.05,3086
Yoshiko,Maunders,Rainbow,7692979575,7811.92,2481
Nessy,Kinder,Fort Apache,8255569969,4668.62,8711
Gerty,Amaya,Durango,2675782573,12451.76,7036
Ikey,Summerlie,Paradise,3621681779,5790.47,8300
Obadiah,Ladbrook,Swenson,9204912431,1767.02,7321
Mathilde,Bullan,Swenson,3769661830,16500.77,1023
Beret,Leindecker,Warm Springs,8517145648,2643.27,3567
Alphonse,Arro,Fort Apache,5847656571,14633.84,7360
Carver,Pollett,Decatur,9300490247,14182.36,4904
Gayle,Killick,Swenson,7859267443,14678.5,5998
Allegra,Fitzroy,Warm Springs,4992484783,17438.93,9749
Noble,Sweating,Durango,7059074658,4915.58,5783
Sissie,Selvester,Charleston,3305224747,6485.97,8769
Arlene,De Dei,Decatur,5455103252,8924.25,8802
Shae,Jeckell,Blue Diamond,3317894573,16879.84,1096
Ely,Titterton,Rainbow,8906192961,8016.66,2486
Xylia,Dalyiel,Tropicana,4079482800,11291.79,5901
Nancey,Ownsworth,Flamingo,1059591672,5569.36,5452
Dorian,Bromage,Spring Mountain,1428358860,1271.88,8098
Addia,Kinchington,Fort Apache,2355378033,5227.08,1754
Warden,Di Angelo,Tropicana,5624365561,15257.19,3059
Morgan,Wreford,Rainbow,5940292303,5975.31,1121
Henri,Perello,Spring Mountain,6564458382,14103.93,3023
Marci,Roskilly,Tropicana,1077149314,12138.39,9466
Carol,Holburn,Desert Inn,5055131278,19998.05,4931
Bartholomeus,Robuchon,Decatur,6592941566,16537.93,5973
Konrad,Moncrieffe,Durango,6053632238,16072.61,9098
Gwenora,Hammel,Fort Apache,9860162365,15512.43,3209
Yves,Alexandrescu,Rainbow,9956786725,1614.51,4131
Daron,Verdun,Charleston,1585463195,8571.34,6808
Nara,Steptowe,Paradise,9638684031,8239.76,7211
Babita,Newband,Fort Apache,5838047472,11317.55,6618
Araldo,Allsobrook,Blue Diamond,3317115454,6900.42,5288
Jereme,Simkovitz,Spring Mountain,5093109938,2444.02,2482
Alix,Ferrey,Warm Springs,1357087317,19805.65,9157
Blinni,Bennit,Desert Inn,5728231752,3817.24,5027
Jolene,Digan,Warm Springs,1825657070,2138.2,3267
Merna,Tedridge,Paradise,4658635039,18839.94,4468
Kiley,Boulter,Decatur,6829780919,2514.29,7576
Arvy,Ondricek,Rainbow,9095326370,13167.78,1876
Wallis,Reuter,Decatur,3817423978,18028.3,5124
Eben,Van Halen,Blue Diamond,9524581827,12088.28,6338
Marty,Coultous,Maryland,3757523549,2614.64,9252
Lucho,Vasler,Fort Apache,4324952858,14517.06,8902
Christi,Legges,Tropicana,1654480131,1394.23,9917
Karina,Bilyard,Paradise,4701449701,17042.08,8608
Nisse,Kybird,Maryland,2225362861,5245.72,4444
Lindsy,Gerrish,Desert Inn,4070525952,7917.6,2044
Silvanus,Doogan,Fort Apache,5993733895,1342.49,8127
Esme,Nezey,Durango,1580361337,10948.82,4658
Kevyn,Caughan,Maryland,2820374235,6784.97,2449
Simone,Gruczka,Spring Mountain,9934265769,2443.11,8700
Elliot,Laneham,Maryland,9526236734,16415.11,7037
Siward,Amberson,Durango,5785258698,6756.49,1080
Annadiane,Redan,Maryland,5345643817,18498.18,4720
Iorgo,Maddern,Tropicana,7567128976,15665.44,9669
Hamel,Dungey,Flamingo,8939713192,16461.63,9961
Winonah,Heindle,Warm Springs,2955354831,9321.38,6315
Finley,Redhead,Swenson,5827605926,6842.75,6323
Reinwald,Bouchard,Swenson,3246136521,18517.5,9977
Anett,Philpots,Warm Springs,3375733210,6023.9,7450
Orson,Cornewell,Maryland,7641933170,10665.18,5189
Georgeta,Ellams,Spring Mountain,7643100403,19714.88,9761
Liane,Don,Rainbow,4585932113,6871.06,2622
Loraine,Gilbey,Durango,2520443512,3146.44,1191
Isador,Berthelet,Swenson,8644230765,18926.74,6584
Phyllida,Bartaletti,Rainbow,5922795456,12452.75,6060
Theadora,Munkley,Rainbow,5288812456,14334.45,4535
Wyn,Croix,Fort Apache,8002643919,3621.8,5838
Clementia,Tayler,Durango,9532758485,1302.65,4282
Lorilyn,Shooter,Blue Diamond,5399288919,2243.24,2281
Lydia,Dodle,Tropicana,6148043409,3711.36,9674
Issy,Petley,Paradise,9781172469,10466.6,7172
Sofie,Januszkiewicz,Warm Springs,9506177966,9124.47,2901
Chip,Onthank,Swenson,5265703449,16385.51,8447
Drucie,St. Pierre,Rainbow,8467931756,2962.1,8498
Tobiah,Dargavel,Durango,5118989021,18250.69,7313
Kimberli,Audrey,Blue Diamond,9190202429,6165.63,3120
Natalya,Spiby,Fort Apache,3981661504,7929.33,9984
Mile,Van Ross,Swenson,1887052884,9315.16,1236
Beryle,Bernaldo,Flamingo,6547563363,2934.46,9225
Darrelle,Pettitt,Swenson,3718803310,7854.93,8433
Valli,Macieiczyk,Flamingo,5412464745,10799.03,6467
Nedi,Tirrey,Rainbow,4689746188,7168.37,3276
Monroe,Johnston,Desert Inn,2287331590,15359.15,4255
Dagny,Servis,Desert Inn,6385817583,4821.44,2778
Harmon,Neljes,Swenson,8662120435,5426.52,6617
Mallorie,Hargroves,Flamingo,7237094336,3107.39,1036
Betteanne,Volante,Las Vegas,1002093826,6263.28,8574
Berta,Sharrard,Maryland,8500348204,7369.71,4554
Collin,Marusyak,Durango,7404785349,14066.86,6771
Cristie,Dodshun,Swenson,9831896739,19045.04,3129
Heidi,Capehorn,Las Vegas,9786268545,10671.34,4904
Natalie,Maud,Fort Apache,4795533364,17491.79,4165
Callie,Learmount,Warm Springs,2577513026,15830.88,9885
Brooke,Stenyng,Durango,9034222082,19244.42,1900
Napoleon,Ludford,Spring Mountain,1537175385,4791.64,5679
Roxane,Withringten,Spring Mountain,6020973483,1707.21,1780
Revkah,Seagrove,Maryland,6364121214,4972.31,8844
Rayner,Wick,Blue Diamond,7226662407,18780.41,4697
Ulberto,Mercer,Fort Apache,6296450795,13214.1,5959
Marsha,Noteyoung,Warm Springs,6833009574,10241.05,9849
Isahella,Redmore,Swenson,4023916516,10993.43,4925
Gayle,Scarborough,Charleston,7008558853,17852.02,5759
Addi,Ludwell,Paradise,8832078829,13417.22,3008
Shirleen,Goose,Durango,4739269570,15131.62,8759
Alfie,Stebbings,Desert Inn,8159841643,8857.38,6083
Nathalia,Gobourn,Spring Mountain,5858859508,6915.49,3693
Tarrah,Kellington,Swenson,3476322375,6928.04,3397
Hyatt,Coghill,Decatur,1526634185,13017.29,8009
Charmaine,Spehr,Flamingo,7411423628,18534.53,9373
Kaycee,Antonich,Durango,4771146156,18330.75,5691
Bryan,Bloxsome,Charleston,9406531350,18196.65,3301
Chrysa,Mainland,Fort Apache,4886755425,13263.81,7340
Nelia,Watchorn,Tropicana,6253754448,9499.3,4869
Amalee,Waistell,Desert Inn,6647686198,10423.54,2083
Tiffanie,Bortolutti,Decatur,9188834569,14387.64,4752
Cherilynn,Tainton,Fort Apache,9103561790,13630.72,5447
Pansie,M'Quharge,Flamingo,8743685340,9918.15,2897
Jobi,Mallaby,Fort Apache,4259118358,17330.99,9096
Aurea,Stribling,Warm Springs,8081097769,18567.08,1165
Linea,Noor,Charleston,1633073659,12019.14,8011
Rycca,Huxham,Charleston,6069222735,15247.09,5793
Darnall,Hassett,Flamingo,1386555807,12681.29,4339
Hale,Cristofanini,Fort Apache,2618799917,19496.31,2157
Catrina,Coxhead,Swenson,2144943608,13638.31,3221
Chen,O'Hanley,Charleston,6403595789,1131.48,3863
Jessey,Waight,Blue Diamond,1935826115,2303.68,9774
Cornell,Sivior,Paradise,4133873779,15632.49,7905
Conrade,Trewett,Paradise,3231377951,16061.57,2227
Chaim,McCue,Decatur,4193849168,13307.82,3192
Ingamar,Konrad,Las Vegas,7777484055,14552.49,9589
Ario,Stonbridge,Durango,8007224834,5575.08,3819
Baxter,Astley,Charleston,8025369797,4949.89,8496
Ferd,Brassington,Warm Springs,8521801923,6930.59,2757
Rafe,Maddocks,Charleston,9277666412,1501.72,1409
Romain,Mogridge,Tropicana,9953298916,4064.85,9907
Dyanne,Pele,Spring Mountain,4417689160,4746.72,3969
Pam,Berndt,Spring Mountain,6844720229,17940.98,7540
Marnie,Imore,Fort Apache,5452456983,11000.85,2684
Curcio,Ceeley,Fort Apache,2471242832,9644.18,1376
Ogden,Mulbry,Flamingo,3019402188,6043.29,7120
Boonie,Oldcroft,Flamingo,5036545946,13312.85,8458
Fan,Dormon,Decatur,7411798341,18276.55,8127
Corinna,Barbisch,Spring Mountain,9331071726,8537.91,2766
Cherise,Sapp,Rainbow,5830589479,15408.18,5452
Abraham,MacCaghan,Durango,8913333188,18629.13,9733
Nanice,Rymer,Durango,2508502044,19406.64,2372
Vannie,Yeskin,Maryland,6933139339,5424.66,7958
Kimberli,Schubart,Blue Diamond,2369862959,10928.55,4447
Lavena,Blasetti,Flamingo,4787459556,15491.96,2108
Estel,Dumbar,Fort Apache,3712307818,11023.11,6837
Christel,Haskett,Blue Diamond,9159693764,3888.01,5077
Vanny,Hein,Paradise,5417197839,8441.09,6782
Olag,Powlett,Spring Mountain,4758889066,4103.81,3560
Allx,Tunstall,Tropicana,1605808998,1454.83,6012
Goldina,Wile,Fort Apache,7076578192,13680.36,4808
Ramsey,Coverdill,Desert Inn,7796129749,19887.4,8267
Hayes,Balshen,Swenson,4051761048,13191.47,2774
Nappy,Kloser,Las Vegas,5234660857,8483.36,7621
Kali,Gatus,Flamingo,2046041299,11732.78,8637
Talyah,Linzee,Rainbow,9047963641,18115.73,1959
Virginia,Oglethorpe,Flamingo,4538489075,12536.04,9513
Hendrick,McGirr,Desert Inn,3172831627,12927.22,8277
Leopold,Kitteridge,Rainbow,1591577429,1627.7,6596
Rosalyn,Brodbin,Tropicana,3979321581,4246.88,3048
Khalil,Witul,Charleston,6922870201,17681.67,8988
Bastian,Hehl,Flamingo,1211864537,19098.19,8383
Cher,Eliyahu,Maryland,6867297138,7069.76,8560
Wallace,Gamett,Spring Mountain,6482151062,8232.78,5575
Paulie,Shadbolt,Spring Mountain,4288275301,2073.55,8903
Maddalena,Chopping,Flamingo,6842520447,10931.73,9043
Niel,Gaudon,Paradise,5012239743,11018.85,4567
Linzy,Hammant,Tropicana,3356553088,12021.44,6323
Ardyth,Heinz,Charleston,5406213671,15657.97,1068
Lars,Sowood,Flamingo,5686248838,11484.27,6602
Shandie,Gapper,Swenson,4506079240,4133.12,3658
Germaine,Bagby,Maryland,2370314156,19811.92,3598
Kirstin,Pollock,Charleston,9076406996,4476.91,4123
Hernando,Reichelt,Blue Diamond,3003606738,11674.09,1363
Audi,Sinncock,Flamingo,1895310088,9262.17,2062
Elisa,Fozard,Paradise,9168863521,2672.27,2191
Daron,Bethune,Durango,2556877360,6066.24,3559
Nananne,Eagell,Warm Springs,6547457189,19539.18,7372
Baxy,Leebeter,Rainbow,5505380017,6672.38,5967
Rustie,Trewartha,Fort Apache,7469857440,15674.41,5415
Moses,Rosso,Decatur,6342675763,2918.67,9997
Jarrid,Dooney,Durango,4028528852,10927.35,8051
Annecorinne,Street,Decatur,4998693158,10474.28,7335
Joycelin,Kobpal,Rainbow,8140061308,12119,7563
Borg,Toone,Blue Diamond,1640253530,5434.94,4351
Beth,Domaschke,Spring Mountain,5897362748,7605.31,9125
Dietrich,Charlet,Fort Apache,2779516791,11772.09,6377
Lennard,Lamasna,Warm Springs,3015838398,15385.59,9477
Benjamin,Paxforde,Spring Mountain,4386893040,13760.31,2208
Geordie,O'Corhane,Durango,4500602834,8301.26,6538
Mayor,Dyton,Decatur,3775271401,19076.48,3290
Friedrich,Schermick,Spring Mountain,3648401808,11243.65,7647
Kayley,Whyard,Rainbow,3196999223,18027.61,6052
Myrle,Giovannazzi,Swenson,9818572859,17098.24,1539
Patrica,Deuss,Spring Mountain,8459440549,8101.13,9082
Ebenezer,Semon,Desert Inn,4588667609,7646.84,8973
Izaak,Farrand,Tropicana,7824640156,10860.62,4450
Woody,Nimmo,Maryland,4860889708,18493.42,1909
Krystal,Irnis,Flamingo,1773411459,3639.5,7972
Brinna,O'Codihie,Tropicana,4262870768,14544.15,3535
Connor,Hub,Rainbow,1335688960,19865.17,6226
Hope,Kettles,Durango,7980277554,6983.56,1242
Lane,Ordemann,Charleston,8032492425,9865.47,7937
Jenni,Fullagar,Desert Inn,3794981291,13761.13,9247
Kitty,Iwanowski,Tropicana,9839393912,6638.73,9753
Burton,Sottell,Paradise,3531184929,11093.16,5982
Marline,Pevie,Paradise,3193524956,13214.11,9060
Hamish,Poge,Spring Mountain,3939281014,8901.94,4148
Hannah,Odhams,Maryland,2480696521,1573.39,3784
Alley,Zettoi,Swenson,6602970851,6702.47,5737
Kirsti,Jellett,Blue Diamond,9743101430,8227.76,3054
Peg,Crosskell,Swenson,3940327225,9174.18,9450
Zeke,Veevers,Desert Inn,4067924054,9043.41,4791
Melisenda,Checchetelli,Paradise,2210405945,17985.76,1370
Catlin,Polycote,Las Vegas,8963075482,19940.97,2188
Torin,Crickmer,Blue Diamond,3256274447,5773.17,9664
Germayne,Leaver,Tropicana,1586672427,6041.6,4082
Silva,Tanton,Desert Inn,2762990969,19289.13,2660
Andras,Gillani,Rainbow,9857276811,14534.1,7342
Jorie,Eliez,Paradise,9179394113,19953.91,8455
Smitty,MacLucais,Tropicana,9306471686,7876.43,6032
Merralee,Minors,Durango,2943305806,19810.46,9648
Pennie,Cufley,Tropicana,8915251615,14989.37,7076
Lula,Padson,Flamingo,9194123508,5718.93,5475
Agnola,Sawkin,Fort Apache,5850879983,15086.69,1376
Gunilla,Bonnor,Durango,1038030925,19711.56,2013
Carla,Spadeck,Flamingo,6049324479,9712.56,8117
Brandtr,Keeri,Warm Springs,8690302596,7904.22,8467
Monty,Wyleman,Charleston,1208795007,11123,3545
Quintus,Rushby,Decatur,8398458540,6881.11,9710
Doralynne,Alpe,Fort Apache,8157343716,19044.52,9481
Anders,Reboul,Desert Inn,4778197562,11440.41,8397
Pippa,O'Hagirtie,Swenson,6095866347,18600.98,2720
Bo,Pinckney,Durango,8767378213,9888.98,3623
Jeniffer,Loudiane,Fort Apache,1039918874,9890.67,1404
Derick,Piddlehinton,Blue Diamond,7328889740,11129.97,2920
Arch,Audas,Spring Mountain,7229777947,7618.57,4722
Cherye,Pryer,Las Vegas,1952770738,12159.85,3657
Stephenie,Proudman,Rainbow,7206450640,7434.85,5892
Genevieve,Haugeh,Durango,7027757009,5348.13,2700
Charlena,Blance,Flamingo,9189364075,7209.62,7830
Normand,Sullens,Durango,6302455235,9373.6,7256
Sonnnie,McClaurie,Fort Apache,4996249744,17386.92,1962
Kevin,Brierton,Flamingo,6246094118,3536.92,9968
Alleen,Risdale,Spring Mountain,5547396891,18861.91,5619
Sianna,Jory,Desert Inn,4384880395,1072.77,8236
Morly,Simonutti,Charleston,2898815829,9008.88,9372
Leticia,Costelloe,Maryland,7801062778,5571.62,4115
Webster,Parkman,Blue Diamond,8001480708,10362.22,5050
Kleon,Willshee,Desert Inn,1426936926,9201.66,2378
Desirae,Sellors,Charleston,7494448731,13884.53,2962
Jo ann,Carvilla,Flamingo,1039734488,19343.98,8056
Susy,Sercombe,Maryland,9932020781,13449.43,3695
Benedict,Etter,Paradise,5891009813,4729.86,5370
Joyan,Alibone,Decatur,9298643472,7754.36,1757
Gilberto,Mebs,Swenson,4874306225,17130.92,5104
Kali,Scriver,Charleston,7684359246,2012.54,6537
Seumas,Deboy,Spring Mountain,7633052529,11596.61,7192
Zackariah,Woliter,Maryland,3860198661,17381.26,8476
Adelaide,Abrahamson,Charleston,8629155571,16165.62,4801
Gradey,Ferrieroi,Durango,5588094038,10725.05,7546
Chane,Bax,Las Vegas,3981574508,7946.63,5243
Amil,Ramble,Blue Diamond,1987922078,9691.16,6186
Kit,Ewins,Desert Inn,2388430298,11193.01,4923
Errol,Pentycross,Blue Diamond,6597588350,16644.84,7024
Isabeau,Boole,Durango,1358238087,9773.41,1084
Allistir,Ackenhead,Durango,5067074410,18129.74,7078
Prisca,Moss,Desert Inn,1132999663,5958.67,4499
Isaiah,Rosenblum,Blue Diamond,6323170037,18321.56,3867
Annalise,Hiddsley,Maryland,7069232940,16922.76,7715
Rahal,Petyt,Paradise,8781980296,19473.78,8806
Raymund,Garvill,Las Vegas,1789091299,7460.65,4645
Kelbee,Phizacklea,Warm Springs,7892109536,5896.05,5274
Ericka,Le Moucheux,Warm Springs,5018530402,18861.49,4471
Karolina,Davis,Flamingo,2329957456,10895.13,3936
Galven,Marjoribanks,Swenson,5430438372,1604.48,2670
Jsandye,Walklate,Las Vegas,9517143064,16747.02,9018
Arnoldo,Nason,Paradise,2915693276,6866.49,2325
Abram,Guitte,Fort Apache,8074944755,7342.88,6819
Rawley,Eloy,Charleston,4159177219,12108.19,4894
Debor,Werlock,Flamingo,8385182178,4033.97,3940
Ame,Hulse,Fort Apache,6670651770,10411.99,3049
Winfield,Veschambes,Flamingo,5600157964,13573.28,8925
Lammond,Kardos,Desert Inn,7450800202,3488.28,8220
Clair,Yakobovitz,Warm Springs,8273950416,8147.41,3632
Antonie,Goolding,Spring Mountain,5559739325,6213.8,3296
Gilligan,Cush,Las Vegas,4949272253,7129.77,1507
Eduardo,Wiszniewski,Spring Mountain,6712295028,17832.84,5705
Natalina,Dolbey,Charleston,9217553477,4908.87,6039
Ferdinanda,McComiskey,Decatur,2135784795,4093.79,2618
Ceil,Imort,Las Vegas,7039849639,8393.79,8458
Danella,Plail,Decatur,4319617603,12707.35,8775
Gan,Rockcliffe,Rainbow,2249650535,15129.56,3208
Cherin,Di Ruggero,Charleston,2190971153,15766.46,9859
Rene,Beentjes,Durango,9378455384,15406.44,3839
Aharon,Wellbelove,Fort Apache,9663177042,10556.01,8147
Sascha,Guillard,Durango,5141748181,6259.18,4515
Felecia,Catling,Swenson,1439219411,16980.85,1393
Karol,Hatton,Maryland,2500297899,1273.56,7327
Gay,Benninger,Flamingo,9551208960,1735.3,3150
Christabel,Tadgell,Fort Apache,9730206999,5278.27,1596
Audra,Dannohl,Charleston,4563715864,14005.96,5626
Valentina,Skirven,Tropicana,9928283092,19647.37,9989
Kerry,O' Dooley,Desert Inn,4762397634,15857.97,3550
Gibb,Franca,Warm Springs,9940345186,17122.78,3287
Chance,Sarge,Rainbow,4421471845,3273.19,6646
Tanya,Fearnyhough,Las Vegas,9596043039,12012.73,7905
Myrtice,Vogele,Paradise,6234625079,14459.59,2767
Abbye,Abelwhite,Flamingo,2715009405,1463.2,4328
Waylen,Ivanishev,Rainbow,1798338695,6095.37,3276
Cad,Santos,Swenson,2384850245,3828.5,2908
Obie,Reynoollds,Decatur,9306742559,19670.45,4132
Edithe,Drewe,Durango,9876728807,7890.17,2200
Emmanuel,Whiteway,Decatur,5494076347,13908.27,1588
Claus,Hounsome,Tropicana,6896065566,14833.47,9034
Rice,Toft,Fort Apache,2479797167,4729.69,3500
Madge,Fansy,Durango,1789575395,10471.97,9292
Ninnetta,Malley,Durango,3346742283,1119.32,9075
Milt,Sixsmith,Blue Diamond,4094085482,11930.88,2103
Constancia,Gerold,Durango,5595475503,11491.05,9520
Chuck,Tithecote,Flamingo,1464572265,5375.91,9677
Paten,Ofield,Charleston,8536798487,18725.51,7242
Sheela,Ferenczy,Flamingo,6104399919,1883.35,6235
Gwennie,Brikner,Las Vegas,8888826762,16636.51,8041
Garner,Grafham,Rainbow,6018880894,19713.06,7184
Sari,Tanman,Desert Inn,2535870035,2115.32,8188
Andrus,Baxstar,Rainbow,4463495112,12527.19,4136
Cobb,Coombs,Maryland,8914036205,4672.33,4148
Benyamin,Cunney,Las Vegas,3391876401,3192.56,3414
Lovell,Salvin,Tropicana,5403643696,9043.31,5390
Christoffer,Enga,Rainbow,6103842035,1905.32,8470
Violetta,Havick,Desert Inn,7176825942,12410.09,6727
Merilee,Dewhirst,Maryland,3422317620,8168.24,5700
Kippy,Emmanuel,Swenson,7490918324,9125.44,1840
Esdras,Lashford,Rainbow,1081020015,18202.37,8084
Bentley,Mengue,Blue Diamond,7214238501,16437.16,8571
Berte,Pusey,Warm Springs,5479305040,8382.21,8584
Mortimer,Kenan,Spring Mountain,6448504127,4124.71,6092
Jehanna,Overy,Spring Mountain,5093261712,19123.38,9575
Henrie,Andriveaux,Paradise,9314832258,1834.33,3707
Willabella,Carpe,Desert Inn,5444763244,11069.01,8545
Charissa,Seakin,Paradise,8930839948,19369.94,3711
Holli,Camps,Las Vegas,8362329250,9998.04,3818
Antonina,Douthwaite,Tropicana,2894668341,15326.68,2396
Janey,Huyche,Spring Mountain,8905092834,14496.88,1079
Brett,Caruth,Durango,7096814716,11589.37,9266
Edwina,Tomala,Warm Springs,3269450015,3350.52,4099
Bobbette,Huckin,Fort Apache,4035421365,6680.44,6796
Durward,Gwalter,Swenson,5891853990,12097.27,1798
Deane,Philpots,Spring Mountain,7528670472,1534.21,7737
Xenia,O'Scannill,Paradise,8135313705,17595.79,7476
Perry,Bollini,Maryland,1007355810,7506.41,6513
Maighdiln,Croy,Spring Mountain,7495722202,1858.45,9304
Camilla,Menhenitt,Fort Apache,7646359861,8601.22,4706
Marieann,Haulkham,Fort Apache,4854355694,13410.65,3559
Charmion,Johanchon,Charleston,4200004948,13974.44,3490
Brigida,Giacoboni,Durango,6383749952,19219.23,5434
My,Livsey,Durango,7196769012,15546.5,6803
Jaymee,Backen,Paradise,2587322111,2813.45,5098
Florance,Blasi,Fort Apache,6629819540,13330.12,1897
Wilek,Emmins,Charleston,1831971219,10533.94,5800
Mae,Codd,Flamingo,1805276302,10119.29,8104
Barnard,Rutland,Decatur,8826995804,16310.06,2550
Dionisio,Sighart,Maryland,2635778859,5510.68,5476
Beth,Tremblett,Durango,4587369870,17778.01,5653
Jenn,Bakey,Durango,3212895012,9756.52,4261
Leontyne,Steers,Swenson,3039168226,16990.29,3930
York,Prettyman,Decatur,1534348920,16567.9,1482
Virginia,Rowbrey,Maryland,6106742844,6255.61,9890
Arv,Brumen,Flamingo,6302180857,18843.74,9545
Mathias,Benning,Spring Mountain,8129280325,2436.41,8164
Camellia,McCartan,Maryland,5150170437,16991.34,1599
Adelbert,Delve,Blue Diamond,1076429778,1737.71,2901
Berty,Davley,Warm Springs,9046717981,7046.28,2037
Earvin,Stanluck,Charleston,5229733686,6702.74,2549
Bondie,Kinghorn,Desert Inn,7743602249,10206.56,8389
Alexine,Heinke,Fort Apache,2640579824,2375.96,3820
Cly,Leech,Warm Springs,3322172760,13683.44,6505
Delmer,Kupper,Maryland,3775923012,9210.81,2192
Thebault,Eshelby,Spring Mountain,8868112212,5749.03,2343
Ilyssa,Fattore,Swenson,7035035556,11309.77,7903
Octavia,Wank,Desert Inn,2810315057,16507.65,3829
Germaine,Burfield,Decatur,4782676918,15741.04,5709
Oliviero,Daintree,Warm Springs,5141674262,9283.43,5060
Rik,Boame,Maryland,8226889718,4706.4,7047
